{
  "ASCII Anti Aliased": true,
  "Ambiguous Double Width": false,
  "Ansi 0 Color": {
    "Blue Component": 0,
    "Green Component": 0,
    "Red Component": 0
  },
  "Ansi 1 Color": {
    "Alpha Component": 1,
    "Blue Component": 0,
    "Color Space": "sRGB",
    "Green Component": 0.10693156010432543,
    "Red Component": 0.8814926147460938
  },
  "Ansi 10 Color": {
    "Blue Component": 0.3333333432674408,
    "Green Component": 1,
    "Red Component": 0.3333333432674408
  },
  "Ansi 11 Color": {
    "Blue Component": 0.3333333432674408,
    "Green Component": 1,
    "Red Component": 1
  },
  "Ansi 12 Color": {
    "Alpha Component": 1,
    "Blue Component": 1,
    "Color Space": "sRGB",
    "Green Component": 0.7411764705882353,
    "Red Component": 0
  },
  "Ansi 13 Color": {
    "Blue Component": 1,
    "Green Component": 0.3333333432674408,
    "Red Component": 1
  },
  "Ansi 14 Color": {
    "Blue Component": 1,
    "Green Component": 1,
    "Red Component": 0.3333333432674408
  },
  "Ansi 15 Color": {
    "Blue Component": 1,
    "Green Component": 1,
    "Red Component": 1
  },
  "Ansi 2 Color": {
    "Alpha Component": 1,
    "Blue Component": 0.10177430603653193,
    "Color Space": "sRGB",
    "Green Component": 0.81768798828125,
    "Red Component": 0.18136639418403888
  },
  "Ansi 3 Color": {
    "Alpha Component": 1,
    "Blue Component": 0.11764705882352941,
    "Color Space": "sRGB",
    "Green Component": 0.592156862745098,
    "Red Component": 0.8941176470588236
  },
  "Ansi 4 Color": {
    "Alpha Component": 1,
    "Blue Component": 0.8470588235294118,
    "Color Space": "sRGB",
    "Green Component": 0.5803921568627451,
    "Red Component": 0
  },
  "Ansi 5 Color": {
    "Blue Component": 0.7333333492279053,
    "Green Component": 0,
    "Red Component": 0.7333333492279053
  },
  "Ansi 6 Color": {
    "Blue Component": 0.7333333492279053,
    "Green Component": 0.7333333492279053,
    "Red Component": 0
  },
  "Ansi 7 Color": {
    "Blue Component": 0.7333333492279053,
    "Green Component": 0.7333333492279053,
    "Red Component": 0.7333333492279053
  },
  "Ansi 8 Color": {
    "Blue Component": 0.3333333432674408,
    "Green Component": 0.3333333432674408,
    "Red Component": 0.3333333432674408
  },
  "Ansi 9 Color": {
    "Blue Component": 0.3333333432674408,
    "Green Component": 0.3333333432674408,
    "Red Component": 1
  },
  "BM Growl": true,
  "Background Color": {
    "Blue Component": 0,
    "Green Component": 0,
    "Red Component": 0
  },
  "Background Image Location": "",
  "Badge Color": {
    "Alpha Component": 0.5,
    "Blue Component": 0,
    "Color Space": "Calibrated",
    "Green Component": 0,
    "Red Component": 1
  },
  "Blink Allowed": false,
  "Blinking Cursor": true,
  "Blur": false,
  "Blur Radius": 2,
  "Bold Color": {
    "Blue Component": 1,
    "Green Component": 1,
    "Red Component": 1
  },
  "Bound Hosts": [],
  "Character Encoding": 4,
  "Close Sessions On End": true,
  "Columns": 80,
  "Command": "/bin/zsh",
  "Cursor Color": {
    "Blue Component": 0.7333333492279053,
    "Green Component": 0.7333333492279053,
    "Red Component": 0.7333333492279053
  },
  "Cursor Guide Color": {
    "Alpha Component": 0.25,
    "Blue Component": 1,
    "Color Space": "Calibrated",
    "Green Component": 0.91,
    "Red Component": 0.65
  },
  "Cursor Text Color": {
    "Blue Component": 1,
    "Green Component": 1,
    "Red Component": 1
  },
  "Cursor Type": 2,
  "Custom Command": "Yes",
  "Custom Directory": "Recycle",
  "Default Bookmark": "No",
  "Description": "Default",
  "Disable Window Resizing": true,
  "Dynamic Profile Filename": "/Users/ycl/Library/Application Support/iTerm2/DynamicProfiles/b.json",
  "Flashing Bell": false,
  "Foreground Color": {
    "Blue Component": 0.7333333492279053,
    "Green Component": 0.7333333492279053,
    "Red Component": 0.7333333492279053
  },
  "Guid": "D52A0E50-DC6B-4E06-B38B-A1298E71A616",
  "Has Hotkey": false,
  "Hide After Opening": false,
  "Horizontal Spacing": 1,
  "Idle Code": 0,
  "Jobs to Ignore": [
    "rlogin",
    "ssh",
    "slogin",
    "telnet"
  ],
  "Keyboard Map": {
    "0x2d-0x40000": {
      "Action": 11,
      "Text": "0x1f"
    },
    "0x32-0x40000": {
      "Action": 11,
      "Text": "0x00"
    },
    "0x33-0x40000": {
      "Action": 11,
      "Text": "0x1b"
    },
    "0x34-0x40000": {
      "Action": 11,
      "Text": "0x1c"
    },
    "0x35-0x40000": {
      "Action": 11,
      "Text": "0x1d"
    },
    "0x36-0x40000": {
      "Action": 11,
      "Text": "0x1e"
    },
    "0x37-0x40000": {
      "Action": 11,
      "Text": "0x1f"
    },
    "0x38-0x40000": {
      "Action": 11,
      "Text": "0x7f"
    },
    "0x5b-0x100000": {
      "Action": 2,
      "Text": ""
    },
    "0x5d-0x100000": {
      "Action": 0,
      "Text": ""
    },
    "0x68-0x100000": {
      "Action": 11,
      "Text": "0x02 0x68"
    },
    "0x69-0x100000": {
      "Action": 11,
      "Text": "0x02 0x69"
    },
    "0x6a-0x100000": {
      "Action": 11,
      "Text": "0x02 0x6A"
    },
    "0x6b-0x100000": {
      "Action": 11,
      "Text": "0x02 0x6B"
    },
    "0x6c-0x100000": {
      "Action": 11,
      "Text": "0x02 0x6C"
    },
    "0x6d-0x100000": {
      "Action": 11,
      "Text": "0x02 0x7A"
    },
    "0x6e-0x100000": {
      "Action": 11,
      "Text": "0x02 0x6E"
    },
    "0x6f-0x100000": {
      "Action": 11,
      "Text": "0x02 0x6f"
    },
    "0x70-0x100000": {
      "Action": 11,
      "Text": "0x02 0x70"
    },
    "0x73-0x100000": {
      "Action": 11,
      "Text": "0x02 0x73"
    },
    "0x77-0x100000": {
      "Action": 11,
      "Text": "0x02 0x78"
    },
    "0xf700-0x220000": {
      "Action": 10,
      "Text": "[1;2A"
    },
    "0xf700-0x240000": {
      "Action": 10,
      "Text": "[1;5A"
    },
    "0xf700-0x260000": {
      "Action": 10,
      "Text": "[1;6A"
    },
    "0xf700-0x280000": {
      "Action": 11,
      "Text": "0x1b 0x1b 0x5b 0x41"
    },
    "0xf701-0x220000": {
      "Action": 10,
      "Text": "[1;2B"
    },
    "0xf701-0x240000": {
      "Action": 10,
      "Text": "[1;5B"
    },
    "0xf701-0x260000": {
      "Action": 10,
      "Text": "[1;6B"
    },
    "0xf701-0x280000": {
      "Action": 11,
      "Text": "0x1b 0x1b 0x5b 0x42"
    },
    "0xf702-0x220000": {
      "Action": 10,
      "Text": "[1;2D"
    },
    "0xf702-0x240000": {
      "Action": 10,
      "Text": "[1;5D"
    },
    "0xf702-0x260000": {
      "Action": 10,
      "Text": "[1;6D"
    },
    "0xf702-0x280000": {
      "Action": 11,
      "Text": "0x1b 0x1b 0x5b 0x44"
    },
    "0xf703-0x220000": {
      "Action": 10,
      "Text": "[1;2C"
    },
    "0xf703-0x240000": {
      "Action": 10,
      "Text": "[1;5C"
    },
    "0xf703-0x260000": {
      "Action": 10,
      "Text": "[1;6C"
    },
    "0xf703-0x280000": {
      "Action": 11,
      "Text": "0x1b 0x1b 0x5b 0x43"
    },
    "0xf704-0x20000": {
      "Action": 10,
      "Text": "[1;2P"
    },
    "0xf705-0x20000": {
      "Action": 10,
      "Text": "[1;2Q"
    },
    "0xf706-0x20000": {
      "Action": 10,
      "Text": "[1;2R"
    },
    "0xf707-0x20000": {
      "Action": 10,
      "Text": "[1;2S"
    },
    "0xf708-0x20000": {
      "Action": 10,
      "Text": "[15;2~"
    },
    "0xf709-0x20000": {
      "Action": 10,
      "Text": "[17;2~"
    },
    "0xf70a-0x20000": {
      "Action": 10,
      "Text": "[18;2~"
    },
    "0xf70b-0x20000": {
      "Action": 10,
      "Text": "[19;2~"
    },
    "0xf70c-0x20000": {
      "Action": 10,
      "Text": "[20;2~"
    },
    "0xf70d-0x20000": {
      "Action": 10,
      "Text": "[21;2~"
    },
    "0xf70e-0x20000": {
      "Action": 10,
      "Text": "[23;2~"
    },
    "0xf70f-0x20000": {
      "Action": 10,
      "Text": "[24;2~"
    },
    "0xf729-0x20000": {
      "Action": 10,
      "Text": "[1;2H"
    },
    "0xf729-0x40000": {
      "Action": 10,
      "Text": "[1;5H"
    },
    "0xf72b-0x20000": {
      "Action": 10,